"","baseMean","log2FoldChange","lfcSE","stat","pvalue","padj"
"ENSG00000270757.1|HSPE1-MOB4",33.5482282005915,-23.0423373768413,2.98422852214652,-7.7213716060415,1.15084491940551e-14,5.02378332668088e-10
